Resource,Zone,StartCap,NewCap,EndCap
RE_DAC_1,1,0,1.052631578947364e6,1.052631578947364e6
RE_DAC_2,2,0,0.0,0.0
