Status,Solve,Objval
OPTIMAL,913.9241669178009,1.3739290909402958e10
