Resource,Zone,StartCap,NewCap,EndCap
RE_DAC_1,1,0,1.0526315772755935e6,1.0526315772755935e6
RE_DAC_2,2,0,0.0016717749297777088,0.0016717749297777088
