Costs,Total,Zone1,Zone2
cTotal,1.3739292046666618e10,1.155783544640526e10,2.1294234396971636e9
cFix,1.1056127834673166e10,9.161979228269e9,1.8421154459187393e9
cVar,2.448312208801297e9,2.178379846469356e9,2.6993236233210295e8
cNSE,1.3647974023928612e7,1.3529177743643422e7,118796.28028515213
cStart,2.212040686368184e8,2.039472153706961e8,1.725685326612272e7
cUnmetRsv,0.0,-,-
cNetworkExp,0.07860969450630302,-,-
cUnmetPolicyPenalty,0.0,-,-
cCO2_seq,-39.547522049518605,-21.44743542607561,-18.100086623443083
cCO2_tax,0.0,0,0
