Line,New_Trans_Capacity,Cost_Trans_Capacity
1,2.0303139239191854e-6,0.07860969450630302
