Status,Solve,Objval
OPTIMAL,408.6663148403168,1.3739292046666618e10
