Resource,Zone,StartCap,NewCap,EndCap
RE_DAC_1,1,0,1.0526315778568413e6,1.0526315778568413e6
RE_DAC_2,2,0,0.0010905272269328525,0.0010905272269328525
