Costs,Total,Zone1,Zone2
cTotal,1.3739360671721119e10,1.1558054352311808e10,2.1291425973840876e9
cFix,1.1056137311218971e10,9.16303548120243e9,1.8409381090506313e9
cVar,2.4483298877089667e9,2.1775007658538227e9,2.708291218553734e8
cNSE,1.3647011350325504e7,1.352822044185426e7,118790.90847126795
cStart,2.2124647344904912e8,2.0398989183700198e8,1.725658161204753e7
cUnmetRsv,0.0,-,-
cNetworkExp,1.0595618442974504,-,-
cUnmetPolicyPenalty,0.0,-,-
cCO2_seq,-13.065738343818742,-7.023302354891205,-6.042435988927588
cCO2_tax,0.0,0,0
