Costs,Total
cTotal,9.34268984123802e8
cFix,8.421052631578947e8
cFix_Energy,5.216372096590734e7
cVar,3.999999999999994e7
cCO2_seq,0.0
cCO2_tax,0.0
cElectricity_z1,3.534235660533828e7
cElectricity_z2,0.0
