Line,New_Trans_Capacity,Cost_Trans_Capacity
1,2.7366130592939984e-5,1.0595618442974504
