Status,Solve,Objval
OPTIMAL,393.2209720611572,1.3739360671721119e10
